thread_id,channel,first_seen_at,last_seen_at,message_count,jira_keys,pr_urls,sev,prod,action,digest
gen-6168a22e4989,Channel,1970-01-01 05:30:00,1970-01-01 05:30:00,1,,,,false,false,
gen-e5fe40a7ec7b,Channel,1970-01-01 05:30:00,1970-01-01 05:30:00,1,,,,false,false,
gen-9e345c4f9db3,io_qa_pm,2023-01-03 00:00:00,2023-01-03 00:00:00,1,,,,false,false,
gen-1773ed6c78c2,integrator,2023-01-04 00:00:00,2023-01-04 00:00:00,1,,,,false,false,
gen-73e8c219188a,io_qa_pm,2023-01-05 00:00:00,2023-01-05 00:00:00,1,,,,false,false,
gen-8a1c08157191,io_qa_pm,2023-01-06 00:00:00,2023-01-06 00:00:00,1,,,,false,false,
gen-a596db78859c,io_qa_pm,2023-01-06 00:00:00,2023-01-06 00:00:00,1,,,,false,false,
gen-f82affa04af0,ui_ux,2023-01-06 00:00:00,2023-01-06 00:00:00,1,,,,false,false,
gen-3fb18e79a82f,io_qa_pm,2023-01-09 00:00:00,2023-01-09 00:00:00,1,,,,false,false,
gen-3475bb122c05,integrator,2023-01-10 00:00:00,2023-01-10 00:00:00,1,,,,false,false,
gen-bb9606e91ea8,ui_ux,2023-01-10 00:00:00,2023-01-10 00:00:00,1,,,,false,false,
gen-3fd2138d0e03,integrator,2023-01-11 00:00:00,2023-01-11 00:00:00,1,,,,false,false,
gen-ebd528094d9d,integrator,2023-01-11 00:00:00,2023-01-11 00:00:00,1,,,,false,false,
gen-6db9fe03939c,io_qa_pm,2023-01-12 00:00:00,2023-01-12 00:00:00,1,,,,false,false,
gen-489e2f2353c5,io_qa_pm,2023-01-18 00:00:00,2023-01-18 00:00:00,1,,,,false,false,
gen-36f35c15f555,integrator,2023-01-19 00:00:00,2023-01-19 00:00:00,1,,,,false,false,
gen-b0683eeaf9cb,ui_ux,2023-01-19 00:00:00,2023-01-19 00:00:00,1,,,,false,false,
gen-b9ab2b911c69,io_qa_pm,2023-01-19 00:00:00,2023-01-19 00:00:00,1,,,,false,false,
gen-342a0b49a9a8,integrator,2023-01-21 00:00:00,2023-01-21 00:00:00,1,,,,false,false,
gen-ab2687c82c87,io_qa_pm,2023-01-21 00:00:00,2023-01-21 00:00:00,1,,,,false,false,
gen-7f47cf149b76,integrator,2023-01-23 00:00:00,2023-01-23 00:00:00,1,,,,false,false,
gen-9a7454f9c8e9,integrator,2023-01-23 00:00:00,2023-01-23 00:00:00,1,,,,false,false,
gen-fda3d819968c,integrator,2023-01-24 00:00:00,2023-01-24 00:00:00,1,,,,false,false,
gen-6509621d99ea,integrator,2023-01-25 00:00:00,2023-01-25 00:00:00,1,,,,false,false,
gen-032e52a2b158,io_qa_pm,2023-01-26 00:00:00,2023-01-26 00:00:00,1,,,,false,false,
gen-9e584dbdb263,io_qa_pm,2023-01-27 00:00:00,2023-01-27 00:00:00,1,,,,false,false,
gen-fd1ffdffb65a,integrator,2023-01-27 00:00:00,2023-01-27 00:00:00,1,,,,false,false,
gen-c3c33d4f390b,integrator,2023-02-04 00:00:00,2023-02-04 00:00:00,1,,,,false,false,
gen-d73f8a92d1d3,integrator,2023-02-04 00:00:00,2023-02-04 00:00:00,1,,,,false,false,
gen-bf16676c09f6,ui_ux,2023-02-06 00:00:00,2023-02-06 00:00:00,1,,,,false,false,
gen-cfe0d9904081,integrator,2023-02-06 00:00:00,2023-02-06 00:00:00,1,,,,false,false,
gen-36507d83542d,integrator,2023-02-07 00:00:00,2023-02-07 00:00:00,1,,,,false,false,
gen-4c07c2a4dd65,integrator,2023-02-08 00:00:00,2023-02-08 00:00:00,1,,,,false,false,
gen-25d952dd71de,integrator,2023-02-09 00:00:00,2023-02-09 00:00:00,1,,,,false,false,
gen-4077b1d38866,ui_ux,2023-02-09 00:00:00,2023-02-09 00:00:00,1,,,,false,false,
gen-6171ff9729df,io_qa_pm,2023-02-10 00:00:00,2023-02-10 00:00:00,1,,,,false,false,
gen-89e09fb9747a,integrator,2023-02-13 00:00:00,2023-02-13 00:00:00,1,,,,false,false,
gen-b1a6a58d6eef,io_qa_pm,2023-02-15 00:00:00,2023-02-15 00:00:00,1,,,,false,false,
gen-6db4156a3830,io_qa_pm,2023-02-18 00:00:00,2023-02-18 00:00:00,1,,,,false,false,
gen-80145fead35a,integrator,2023-02-22 00:00:00,2023-02-22 00:00:00,1,,,,false,false,
gen-223e5db7ab7e,integrator,2023-02-24 00:00:00,2023-02-24 00:00:00,1,,,,false,false,
gen-7547df3a6953,integrator,2023-02-28 00:00:00,2023-02-28 00:00:00,1,,,,false,false,
gen-e7192c014956,io_qa_pm,2023-02-28 00:00:00,2023-02-28 00:00:00,1,,,,false,false,
gen-88e07422e82a,io_qa_pm,2023-03-01 00:00:00,2023-03-01 00:00:00,1,,,,false,false,
gen-13374bae10a6,io_qa_pm,2023-03-03 00:00:00,2023-03-03 00:00:00,1,,,,false,false,
gen-1fbc1718ce4a,io_qa_pm,2023-03-07 00:00:00,2023-03-07 00:00:00,1,,,,false,false,
gen-aa3c0fc24bf1,io_qa_pm,2023-03-07 00:00:00,2023-03-07 00:00:00,1,,,,false,false,
gen-d3773ef48cdf,integrator,2023-03-10 00:00:00,2023-03-10 00:00:00,1,,,,false,false,
gen-cf8ae4b84c06,integrator,2023-03-14 00:00:00,2023-03-14 00:00:00,1,,,,false,false,
gen-1a95e4213d14,io_qa_pm,2023-03-15 00:00:00,2023-03-15 00:00:00,1,,,,false,false,
gen-c8eafce50220,integrator,2023-03-16 00:00:00,2023-03-16 00:00:00,1,,,,false,false,
gen-28ddf33c3af2,io_qa_pm,2023-03-21 00:00:00,2023-03-21 00:00:00,1,,,,false,false,
gen-2d2efbcd57b8,io_qa_pm,2023-03-21 00:00:00,2023-03-21 00:00:00,1,,,,false,false,
gen-4ff80fc8e2d2,io_qa_pm,2023-03-21 00:00:00,2023-03-21 00:00:00,1,,,,false,false,
gen-c76e286323fa,ui_ux,2023-03-23 00:00:00,2023-03-23 00:00:00,1,,,,false,false,
gen-851543f8af66,integrator,2023-03-27 00:00:00,2023-03-27 00:00:00,1,,,,false,false,
gen-d1498f8c0e0d,io_qa_pm,2023-03-28 00:00:00,2023-03-28 00:00:00,1,,,,false,false,
gen-471676d7e2d8,integrator,2023-03-29 00:00:00,2023-03-29 00:00:00,1,,,,false,false,
gen-c5a7989a4f81,integrator,2023-03-31 00:00:00,2023-03-31 00:00:00,1,,,,false,false,
gen-c4c5981537a5,integrator,2023-04-01 00:00:00,2023-04-01 00:00:00,1,,,,false,false,
gen-1773a8810d02,io_qa_pm,2023-04-06 00:00:00,2023-04-06 00:00:00,1,,,,false,false,
gen-c3433dd10e89,io_qa_pm,2023-04-06 00:00:00,2023-04-06 00:00:00,1,,,,false,false,
gen-a4125ccf9417,io_qa_pm,2023-04-12 00:00:00,2023-04-12 00:00:00,1,,,,false,false,
gen-b94040b9140f,integrator,2023-04-12 00:00:00,2023-04-12 00:00:00,1,,,,false,false,
gen-8c36760aa9de,integrator,2023-04-14 00:00:00,2023-04-14 00:00:00,1,,,,false,false,
gen-5f5e4e5f8ac2,io_qa_pm,2023-04-17 00:00:00,2023-04-17 00:00:00,1,,,,false,false,
gen-7b97bb88b6d8,integrator,2023-04-17 00:00:00,2023-04-17 00:00:00,1,,,,false,false,
gen-464e2d68c339,io_qa_pm,2023-04-19 00:00:00,2023-04-19 00:00:00,1,,,,false,false,
gen-485379d4bdf9,integrator,2023-04-20 00:00:00,2023-04-20 00:00:00,1,,,,false,false,
gen-4bc14a3d4e1e,io_qa_pm,2023-04-21 00:00:00,2023-04-21 00:00:00,1,,,,false,false,
gen-e7e4dccfc260,io_qa_pm,2023-04-21 00:00:00,2023-04-21 00:00:00,1,,,,false,false,
gen-0e5f75af159a,integrator,2023-04-25 00:00:00,2023-04-25 00:00:00,1,,,,false,false,
gen-cb283fcfa9f8,integrator,2023-04-25 00:00:00,2023-04-25 00:00:00,1,,,,false,false,
gen-112f322a1d48,integrator,2023-04-26 00:00:00,2023-04-26 00:00:00,1,,,,false,false,
gen-37e822516dbc,io_qa_pm,2023-04-26 00:00:00,2023-04-26 00:00:00,1,,,,false,false,
gen-94a54a141674,integrator,2023-04-26 00:00:00,2023-04-26 00:00:00,1,,,,false,false,
gen-e3457ef76b3c,io_qa_pm,2023-04-28 00:00:00,2023-04-28 00:00:00,1,,,,false,false,
gen-e92d3895d047,integrator,2023-04-28 00:00:00,2023-04-28 00:00:00,1,,,,false,false,
gen-bb3d70e44930,integrator,2023-05-05 00:00:00,2023-05-05 00:00:00,1,,,,false,false,
gen-8d974115ba76,integrator,2023-05-08 00:00:00,2023-05-08 00:00:00,1,,,,false,false,
gen-1c2041b87f3f,io_qa_pm,2023-05-11 00:00:00,2023-05-11 00:00:00,1,,,,false,false,
gen-1cef774d2179,integrator,2023-05-11 00:00:00,2023-05-11 00:00:00,1,,,,false,false,
gen-5a2dcd501341,io_qa_pm,2023-05-11 00:00:00,2023-05-11 00:00:00,1,,,,false,false,
gen-8a4aae4e0001,integrator,2023-05-11 00:00:00,2023-05-11 00:00:00,1,,,,false,false,
gen-c20de05d922a,io_qa_pm,2023-05-11 00:00:00,2023-05-11 00:00:00,1,,,,false,false,
gen-31910a91daf4,io_qa_pm,2023-05-16 00:00:00,2023-05-16 00:00:00,1,,,,false,false,
gen-8fc1860616b9,integrator,2023-05-19 00:00:00,2023-05-19 00:00:00,1,,,,false,false,
gen-54190bfac6c5,integrator,2023-05-20 00:00:00,2023-05-20 00:00:00,1,,,,false,false,
gen-001a9b900d9d,integrator,2023-05-23 00:00:00,2023-05-23 00:00:00,1,,,,false,false,
gen-b08181d40fbc,io_qa_pm,2023-05-24 00:00:00,2023-05-24 00:00:00,1,,,,false,false,
gen-b2b5c10bd286,integrator,2023-05-24 00:00:00,2023-05-24 00:00:00,1,,,,false,false,
gen-e1251860575e,integrator,2023-05-24 00:00:00,2023-05-24 00:00:00,1,,,,false,false,
gen-2d5061e275d6,integrator,2023-05-25 00:00:00,2023-05-25 00:00:00,1,,,,false,false,
gen-fb2792315c48,integrator,2023-05-25 00:00:00,2023-05-25 00:00:00,1,,,,false,false,
gen-81eb8e00596f,integrator,2023-05-26 00:00:00,2023-05-26 00:00:00,1,,,,false,false,
gen-e6724e7f3d8b,integrator,2023-05-29 00:00:00,2023-05-29 00:00:00,1,,,,false,false,
gen-81ffaf2aae98,ui_ux,2023-05-30 00:00:00,2023-05-30 00:00:00,1,,,,false,false,
gen-6b97cfe5207c,ui_ux,2023-06-12 00:00:00,2023-06-12 00:00:00,1,,,,false,false,
gen-9c80cb349777,integrator,2023-06-13 00:00:00,2023-06-13 00:00:00,1,,,,false,false,
gen-ded8390630b5,integrator,2023-06-13 00:00:00,2023-06-13 00:00:00,1,,,,false,false,
gen-741994f4bda9,io_qa_pm,2023-06-15 00:00:00,2023-06-15 00:00:00,1,,,,false,false,
gen-b5863fd92a15,integrator,2023-06-16 00:00:00,2023-06-16 00:00:00,1,,,,false,false,
gen-725dc9e5041c,ui_ux,2023-06-17 00:00:00,2023-06-17 00:00:00,1,,,,false,false,
gen-73d7cd06116a,integrator,2023-06-19 00:00:00,2023-06-19 00:00:00,1,,,,false,false,
gen-4ce7bf6cb9a3,ui_ux,2023-06-21 00:00:00,2023-06-21 00:00:00,1,,,,false,false,
gen-5186d2c79325,integrator,2023-06-21 00:00:00,2023-06-21 00:00:00,1,,,,false,false,
gen-e53c1b535df7,ui_ux,2023-06-22 00:00:00,2023-06-22 00:00:00,1,,,,false,false,
gen-bb0ebe492f69,io_qa_pm,2023-06-27 00:00:00,2023-06-27 00:00:00,1,,,,false,false,
gen-3b3be1bcec89,integrator,2023-06-30 00:00:00,2023-06-30 00:00:00,1,,,,false,false,
gen-d54042fff6de,integrator,2023-06-30 00:00:00,2023-06-30 00:00:00,1,,,,false,false,
gen-592df118f82d,io_qa_pm,2023-07-01 00:00:00,2023-07-01 00:00:00,1,,,,false,false,
gen-4c4e4e77243a,integrator,2023-07-05 00:00:00,2023-07-05 00:00:00,1,,,,false,false,
gen-e48ae31e5bed,io_qa_pm,2023-07-06 00:00:00,2023-07-06 00:00:00,1,,,,false,false,
gen-fc323cad89b8,integrator,2023-07-07 00:00:00,2023-07-07 00:00:00,1,,,,false,false,
gen-01912b3a97da,io_qa_pm,2023-07-09 00:00:00,2023-07-09 00:00:00,1,,,,false,false,
gen-8f2531050e52,io_qa_pm,2023-07-09 00:00:00,2023-07-09 00:00:00,1,,,,false,false,
gen-49d2b1ff5a35,integrator,2023-07-11 00:00:00,2023-07-11 00:00:00,1,,,,false,false,
gen-08d39d0175b5,integrator,2023-07-13 00:00:00,2023-07-13 00:00:00,1,,,,false,false,
gen-50045421e408,integrator,2023-07-13 00:00:00,2023-07-13 00:00:00,1,,,,false,false,
gen-a45b701c21e2,integrator,2023-07-13 00:00:00,2023-07-13 00:00:00,1,,,,false,false,
gen-25156387ab5b,io_qa_pm,2023-07-15 00:00:00,2023-07-15 00:00:00,1,,,,false,false,
gen-480a84e57643,integrator,2023-07-15 00:00:00,2023-07-15 00:00:00,1,,,,false,false,
gen-34c4f37ff61e,io_qa_pm,2023-07-17 00:00:00,2023-07-17 00:00:00,1,,,,false,false,
gen-5daa692e5229,io_qa_pm,2023-07-17 00:00:00,2023-07-17 00:00:00,1,,,,false,false,
gen-739432b8ef08,integrator,2023-07-18 00:00:00,2023-07-18 00:00:00,1,,,,false,false,
gen-a47af2511dfd,io_qa_pm,2023-07-18 00:00:00,2023-07-18 00:00:00,1,,,,false,false,
gen-fa25d91da601,io_qa_pm,2023-07-20 00:00:00,2023-07-20 00:00:00,1,,,,false,false,
gen-0dff75a78778,io_qa_pm,2023-07-25 00:00:00,2023-07-25 00:00:00,1,,,,false,false,
gen-c3bd3acea080,io_qa_pm,2023-07-26 00:00:00,2023-07-26 00:00:00,1,,,,false,false,
gen-f98a0ac45081,io_qa_pm,2023-07-27 00:00:00,2023-07-27 00:00:00,1,,,,false,false,
gen-c8f1a57300f7,io_qa_pm,2023-07-28 00:00:00,2023-07-28 00:00:00,1,,,,false,false,
gen-ca17328bffe3,integrator,2023-07-29 00:00:00,2023-07-29 00:00:00,1,,,,false,false,
gen-bdbc0e7976da,integrator,2023-08-01 00:00:00,2023-08-01 00:00:00,1,,,,false,false,
gen-be74a5d78829,integrator,2023-08-01 00:00:00,2023-08-01 00:00:00,1,,,,false,false,
gen-3662ad44660d,integrator,2023-08-02 00:00:00,2023-08-02 00:00:00,1,,,,false,false,
gen-7f63bb03b9fd,integrator,2023-08-02 00:00:00,2023-08-02 00:00:00,1,,,,false,false,
gen-8c3577221d43,io_qa_pm,2023-08-02 00:00:00,2023-08-02 00:00:00,1,,,,false,false,
gen-b9f0e87eb644,io_qa_pm,2023-08-02 00:00:00,2023-08-02 00:00:00,1,,,,false,false,
gen-5fb503d684c7,io_qa_pm,2023-08-07 00:00:00,2023-08-07 00:00:00,1,,,,false,false,
gen-60f25b98c77f,io_qa_pm,2023-08-07 00:00:00,2023-08-07 00:00:00,1,,,,false,false,
gen-6484d982a4ae,io_qa_pm,2023-08-08 00:00:00,2023-08-08 00:00:00,1,,,,false,false,
gen-6e24ab15ab7f,integrator,2023-08-08 00:00:00,2023-08-08 00:00:00,1,,,,false,false,
gen-105efce70cc0,ui_ux,2023-08-11 00:00:00,2023-08-11 00:00:00,1,,,,false,false,
gen-b303c046c81f,ui_ux,2023-08-11 00:00:00,2023-08-11 00:00:00,1,,,,false,false,
gen-b053758f9af1,io_qa_pm,2023-08-15 00:00:00,2023-08-15 00:00:00,1,,,,false,false,
gen-7838749da6d0,io_qa_pm,2023-08-17 00:00:00,2023-08-17 00:00:00,1,,,,false,false,
gen-a1b168b7ef5e,io_qa_pm,2023-08-17 00:00:00,2023-08-17 00:00:00,1,,,,false,false,
gen-49405d485645,integrator,2023-08-19 00:00:00,2023-08-19 00:00:00,1,,,,false,false,
gen-92bd79c6c1fd,ui_ux,2023-08-19 00:00:00,2023-08-19 00:00:00,1,,,,false,false,
gen-2c728663067b,io_qa_pm,2023-08-20 00:00:00,2023-08-20 00:00:00,1,,,,false,false,
gen-af2ce09e8843,integrator,2023-08-23 00:00:00,2023-08-23 00:00:00,1,,,,false,false,
gen-7f069a494c47,ui_ux,2023-08-24 00:00:00,2023-08-24 00:00:00,1,,,,false,false,
gen-938a0dc9c4d0,integrator,2023-08-24 00:00:00,2023-08-24 00:00:00,1,,,,false,false,
gen-999efe469331,io_qa_pm,2023-08-24 00:00:00,2023-08-24 00:00:00,1,,,,false,false,
gen-49f3ba6fd32a,io_qa_pm,2023-08-25 00:00:00,2023-08-25 00:00:00,1,,,,false,false,
gen-88533b03229b,ui_ux,2023-08-28 00:00:00,2023-08-28 00:00:00,1,,,,false,false,
gen-ca25a880c196,integrator,2023-08-28 00:00:00,2023-08-28 00:00:00,1,,,,false,false,
gen-5d5ecc9eb84c,integrator,2023-08-29 00:00:00,2023-08-29 00:00:00,1,,,,false,false,
gen-760cccedb1a9,integrator,2023-08-30 00:00:00,2023-08-30 00:00:00,1,,,,false,false,
gen-a91144f022d3,io_qa_pm,2023-08-30 00:00:00,2023-08-30 00:00:00,1,,,,false,false,
gen-00a138f741ba,io_qa_pm,2023-09-01 00:00:00,2023-09-01 00:00:00,1,,,,false,false,
gen-5a300788ed79,io_qa_pm,2023-09-01 00:00:00,2023-09-01 00:00:00,1,,,,false,false,
gen-c71ab0d19e84,integrator,2023-09-01 00:00:00,2023-09-01 00:00:00,1,,,,false,false,
gen-e2389b2c33ea,io_qa_pm,2023-09-01 00:00:00,2023-09-01 00:00:00,1,,,,false,false,
gen-e434be282fae,io_qa_pm,2023-09-02 00:00:00,2023-09-02 00:00:00,1,,,,false,false,
gen-c39a2db158fd,ui_ux,2023-09-04 00:00:00,2023-09-04 00:00:00,1,,,,false,false,
gen-58c2ebd2f91b,ui_ux,2023-09-06 00:00:00,2023-09-06 00:00:00,1,,,,false,false,
gen-f3aa34ef15aa,integrator,2023-09-06 00:00:00,2023-09-06 00:00:00,1,,,,false,false,
gen-c046fbb445ec,integrator,2023-09-08 00:00:00,2023-09-08 00:00:00,1,,,,false,false,
gen-212f522d8056,integrator,2023-09-12 00:00:00,2023-09-12 00:00:00,1,,,,false,false,
gen-29d95f22cc61,io_qa_pm,2023-09-12 00:00:00,2023-09-12 00:00:00,1,,,,false,false,
gen-60623e4d5612,io_qa_pm,2023-09-14 00:00:00,2023-09-14 00:00:00,1,,,,false,false,
gen-c5c792ee2c11,io_qa_pm,2023-09-15 00:00:00,2023-09-15 00:00:00,1,,,,false,false,
gen-2b052c1a4ef8,io_qa_pm,2023-09-16 00:00:00,2023-09-16 00:00:00,1,,,,false,false,
gen-d37bece269b3,integrator,2023-09-18 00:00:00,2023-09-18 00:00:00,1,,,,false,false,
gen-2a006d437af6,io_qa_pm,2023-09-19 00:00:00,2023-09-19 00:00:00,1,,,,false,false,
gen-de854e1d391a,integrator,2023-09-19 00:00:00,2023-09-19 00:00:00,1,,,,false,false,
gen-e3c0b67eec3a,io_qa_pm,2023-09-20 00:00:00,2023-09-20 00:00:00,1,,,,false,false,
gen-773b081373f4,integrator,2023-09-22 00:00:00,2023-09-22 00:00:00,1,,,,false,false,
gen-eee1754986cb,io_qa_pm,2023-09-25 00:00:00,2023-09-25 00:00:00,1,,,,false,false,
gen-34d99505845e,io_qa_pm,2023-09-26 00:00:00,2023-09-26 00:00:00,1,,,,false,false,
gen-085a5801db22,integrator,2023-09-27 00:00:00,2023-09-27 00:00:00,1,,,,false,false,
gen-abceffe3beae,integrator,2023-09-27 00:00:00,2023-09-27 00:00:00,1,,,,false,false,
gen-adde53c65a65,io_qa_pm,2023-09-27 00:00:00,2023-09-27 00:00:00,1,,,,false,false,
gen-66d5c38b575c,integrator,2023-09-28 00:00:00,2023-09-28 00:00:00,1,,,,false,false,
gen-96b5e7552207,io_qa_pm,2023-09-29 00:00:00,2023-09-29 00:00:00,1,,,,false,false,
gen-5cdb2b31e147,io_qa_pm,2023-09-30 00:00:00,2023-09-30 00:00:00,1,,,,false,false,
gen-95b7faff927a,io_qa_pm,2023-10-01 00:00:00,2023-10-01 00:00:00,1,,,,false,false,
gen-5ca8b86e4d7f,integrator,2023-10-02 00:00:00,2023-10-02 00:00:00,1,,,,false,false,
gen-68603aaf17f3,ui_ux,2023-10-03 00:00:00,2023-10-03 00:00:00,1,,,,false,false,
gen-a8dd44ad559f,io_qa_pm,2023-10-03 00:00:00,2023-10-03 00:00:00,1,,,,false,false,
gen-c5fc583582a3,io_qa_pm,2023-10-03 00:00:00,2023-10-03 00:00:00,1,,,,false,false,
gen-c7c0cd1c87a5,io_qa_pm,2023-10-05 00:00:00,2023-10-05 00:00:00,1,,,,false,false,
gen-386d81d07b20,io_qa_pm,2023-10-06 00:00:00,2023-10-06 00:00:00,1,,,,false,false,
gen-00a5761192ce,ui_ux,2023-10-07 00:00:00,2023-10-07 00:00:00,1,,,,false,false,
gen-1938cdd2ba31,io_qa_pm,2023-10-07 00:00:00,2023-10-07 00:00:00,1,,,,false,false,
gen-0c02276b48bb,integrator,2023-10-09 00:00:00,2023-10-09 00:00:00,1,,,,false,false,
gen-5a6aa90115d4,io_qa_pm,2023-10-09 00:00:00,2023-10-09 00:00:00,1,,,,false,false,
gen-f3b48152190e,io_qa_pm,2023-10-09 00:00:00,2023-10-09 00:00:00,1,,,,false,false,
gen-928f4d8585e4,io_qa_pm,2023-10-10 00:00:00,2023-10-10 00:00:00,1,,,,false,false,
gen-399fd86294fa,io_qa_pm,2023-10-11 00:00:00,2023-10-11 00:00:00,1,,,,false,false,
gen-fd69790478dd,ui_ux,2023-10-12 00:00:00,2023-10-12 00:00:00,1,,,,false,false,
gen-8425ffedebce,io_qa_pm,2023-10-13 00:00:00,2023-10-13 00:00:00,1,,,,false,false,
gen-87e9189867c9,io_qa_pm,2023-10-17 00:00:00,2023-10-17 00:00:00,1,,,,false,false,
gen-c4623b677619,io_qa_pm,2023-10-17 00:00:00,2023-10-17 00:00:00,1,,,,false,false,
gen-405972324200,io_qa_pm,2023-10-18 00:00:00,2023-10-18 00:00:00,1,,,,false,false,
gen-438d29f58dc3,io_qa_pm,2023-10-18 00:00:00,2023-10-18 00:00:00,1,,,,false,false,
gen-d0a42739f7f1,io_qa_pm,2023-10-18 00:00:00,2023-10-18 00:00:00,1,,,,false,false,
gen-eb73f8168148,integrator,2023-10-18 00:00:00,2023-10-18 00:00:00,1,,,,false,false,
gen-532bf6597c5c,io_qa_pm,2023-10-20 00:00:00,2023-10-20 00:00:00,1,,,,false,false,
gen-5e3ad546053e,ui_ux,2023-10-20 00:00:00,2023-10-20 00:00:00,1,,,,false,false,
gen-cde2f95f79a5,integrator,2023-10-20 00:00:00,2023-10-20 00:00:00,1,,,,false,false,
gen-ab0f11d5049b,io_qa_pm,2023-10-24 00:00:00,2023-10-24 00:00:00,1,,,,false,false,
gen-d09c7a73198e,io_qa_pm,2023-10-25 00:00:00,2023-10-25 00:00:00,1,,,,false,false,
gen-0e155705f83c,io_qa_pm,2023-10-26 00:00:00,2023-10-26 00:00:00,1,,,,false,false,
gen-8d1c15b5bbfb,ui_ux,2023-10-27 00:00:00,2023-10-27 00:00:00,1,,,,false,false,
gen-10b5d1b134ac,ui_ux,2023-10-28 00:00:00,2023-10-28 00:00:00,1,,,,false,false,
gen-699f5a01abb4,io_qa_pm,2023-10-28 00:00:00,2023-10-28 00:00:00,1,,,,false,false,
gen-847eeba351fc,ui_ux,2023-10-28 00:00:00,2023-10-28 00:00:00,1,,,,false,false,
gen-03bcdf0c45b0,io_qa_pm,2023-10-29 00:00:00,2023-10-29 00:00:00,1,,,,false,false,
gen-6bc9f98b7ff9,io_qa_pm,2023-10-31 00:00:00,2023-10-31 00:00:00,1,,,,false,false,
gen-870e9c194d3c,integrator,2023-10-31 00:00:00,2023-10-31 00:00:00,1,,,,false,false,
gen-98208d8c0811,integrator,2023-10-31 00:00:00,2023-10-31 00:00:00,1,,,,false,false,
gen-791948d3a6cd,integrator,2023-11-01 00:00:00,2023-11-01 00:00:00,1,,,,false,false,
gen-190435921833,integrator,2023-11-03 00:00:00,2023-11-03 00:00:00,1,,,,false,false,
gen-2238eb17e5a8,io_qa_pm,2023-11-03 00:00:00,2023-11-03 00:00:00,1,,,,false,false,
gen-93b39f54f04b,io_qa_pm,2023-11-03 00:00:00,2023-11-03 00:00:00,1,,,,false,false,
gen-bb4b2853bf3a,io_qa_pm,2023-11-03 00:00:00,2023-11-03 00:00:00,1,,,,false,false,
gen-d1d94525acd6,io_qa_pm,2023-11-03 00:00:00,2023-11-03 00:00:00,1,,,,false,false,
gen-15677349b55f,io_qa_pm,2023-11-07 00:00:00,2023-11-07 00:00:00,1,,,,false,false,
gen-2498057bc174,io_qa_pm,2023-11-08 00:00:00,2023-11-08 00:00:00,1,,,,false,false,
gen-57176f182c11,io_qa_pm,2023-11-08 00:00:00,2023-11-08 00:00:00,1,,,,false,false,
gen-66ff821bd7c7,io_qa_pm,2023-11-08 00:00:00,2023-11-08 00:00:00,1,,,,false,false,
gen-8f82a0369fad,io_qa_pm,2023-11-08 00:00:00,2023-11-08 00:00:00,1,,,,false,false,
gen-c4fda82d3e5a,integrator,2023-11-08 00:00:00,2023-11-08 00:00:00,1,,,,false,false,
gen-f4224c15e963,ui_ux,2023-11-08 00:00:00,2023-11-08 00:00:00,1,,,,false,false,
gen-4e7ea5def2cc,io_qa_pm,2023-11-09 00:00:00,2023-11-09 00:00:00,1,,,,false,false,
gen-7a93e8c5eabe,io_qa_pm,2023-11-09 00:00:00,2023-11-09 00:00:00,1,,,,false,false,
gen-be33e1c8cbc5,io_qa_pm,2023-11-09 00:00:00,2023-11-09 00:00:00,1,,,,false,false,
gen-ccb4ffaf88d2,ui_ux,2023-11-09 00:00:00,2023-11-09 00:00:00,1,,,,false,false,
gen-dc00ce930940,io_qa_pm,2023-11-09 00:00:00,2023-11-09 00:00:00,1,,,,false,false,
gen-444eec600408,io_qa_pm,2023-11-10 00:00:00,2023-11-10 00:00:00,1,,,,false,false,
gen-67a1cba08ee1,io_qa_pm,2023-11-10 00:00:00,2023-11-10 00:00:00,1,,,,false,false,
gen-68a23b63c9e1,io_qa_pm,2023-11-10 00:00:00,2023-11-10 00:00:00,1,,,,false,false,
gen-f498e4223e21,io_qa_pm,2023-11-10 00:00:00,2023-11-10 00:00:00,1,,,,false,false,
gen-61689d7c42fe,integrator,2023-11-14 00:00:00,2023-11-14 00:00:00,1,,,,false,false,
gen-e6178527558b,io_qa_pm,2023-11-14 00:00:00,2023-11-14 00:00:00,1,,,,false,false,
gen-88e13f0c33ae,io_qa_pm,2023-11-15 00:00:00,2023-11-15 00:00:00,1,,,,false,false,
gen-9adbb8560afb,io_qa_pm,2023-11-15 00:00:00,2023-11-15 00:00:00,1,,,,false,false,
gen-b3b182b7c751,io_qa_pm,2023-11-15 00:00:00,2023-11-15 00:00:00,1,,,,false,false,
gen-647350aa782a,io_qa_pm,2023-11-17 00:00:00,2023-11-17 00:00:00,1,,,,false,false,
gen-b104d440b4b2,integrator,2023-11-17 00:00:00,2023-11-17 00:00:00,1,,,,false,false,
gen-df29845bde8e,io_qa_pm,2023-11-20 00:00:00,2023-11-20 00:00:00,1,,,,false,false,
gen-98f0abdb610d,ui_ux,2023-11-21 00:00:00,2023-11-21 00:00:00,1,,,,false,false,
gen-499d21c25bfc,integrator,2023-11-23 00:00:00,2023-11-23 00:00:00,1,,,,false,false,
gen-605f32031ecb,io_qa_pm,2023-11-28 00:00:00,2023-11-28 00:00:00,1,,,,false,false,
gen-6d872c31b1d4,integrator,2023-12-01 00:00:00,2023-12-01 00:00:00,1,,,,false,false,
gen-98f4bfe88027,ui_ux,2023-12-01 00:00:00,2023-12-01 00:00:00,1,,,,false,false,
gen-bbc0a052b9bc,io_qa_pm,2023-12-01 00:00:00,2023-12-01 00:00:00,1,,,,false,false,
gen-c245c15f2e3d,ui_ux,2023-12-01 00:00:00,2023-12-01 00:00:00,1,,,,false,false,
gen-59a89421e293,integrator,2023-12-04 00:00:00,2023-12-04 00:00:00,1,,,,false,false,
gen-46d65a48ed4a,io_qa_pm,2023-12-05 00:00:00,2023-12-05 00:00:00,1,,,,false,false,
gen-7971417bca25,io_qa_pm,2023-12-05 00:00:00,2023-12-05 00:00:00,1,,,,false,false,
gen-a968a1d71ba6,io_qa_pm,2023-12-05 00:00:00,2023-12-05 00:00:00,1,,,,false,false,
gen-c61b248ed76d,integrator,2023-12-06 00:00:00,2023-12-06 00:00:00,1,,,,false,false,
gen-471304c10dc8,integrator,2023-12-07 00:00:00,2023-12-07 00:00:00,1,,,,false,false,
gen-6d8ce3a79e48,integrator,2023-12-07 00:00:00,2023-12-07 00:00:00,1,,,,false,false,
gen-bb2b1e3a4ff7,io_qa_pm,2023-12-08 00:00:00,2023-12-08 00:00:00,1,,,,false,false,
gen-bf14ce73580a,integrator,2023-12-08 00:00:00,2023-12-08 00:00:00,1,,,,false,false,
gen-154bf9ebc4ad,integrator,2023-12-11 00:00:00,2023-12-11 00:00:00,1,,,,false,false,
gen-e65470976d6c,integrator,2023-12-11 00:00:00,2023-12-11 00:00:00,1,,,,false,false,
gen-23a8b788a441,io_qa_pm,2023-12-14 00:00:00,2023-12-14 00:00:00,1,,,,false,false,
gen-9c50c2318035,io_qa_pm,2023-12-14 00:00:00,2023-12-14 00:00:00,1,,,,false,false,
gen-c4fa0cf50712,io_qa_pm,2023-12-14 00:00:00,2023-12-14 00:00:00,1,,,,false,false,
gen-f11c9cf4fc54,io_qa_pm,2023-12-14 00:00:00,2023-12-14 00:00:00,1,,,,false,false,
gen-1e1471b8f263,integrator,2023-12-18 00:00:00,2023-12-18 00:00:00,1,,,,false,false,
gen-8750ffbe830e,integrator,2023-12-23 00:00:00,2023-12-23 00:00:00,1,,,,false,false,
gen-61e64e08dc8e,integrator,2023-12-26 00:00:00,2023-12-26 00:00:00,1,,,,false,false,
gen-7b9db7a8b133,io_qa_pm,2023-12-27 00:00:00,2023-12-27 00:00:00,1,,,,false,false,
gen-950ea738b6fd,io_qa_pm,2024-01-03 00:00:00,2024-01-03 00:00:00,1,,,,false,false,
gen-553a92b554c3,integrator,2024-01-04 00:00:00,2024-01-04 00:00:00,1,,,,false,false,
gen-a1618e600419,io_qa_pm,2024-01-05 00:00:00,2024-01-05 00:00:00,1,,,,false,false,
gen-22eec93b1141,integrator,2024-01-06 00:00:00,2024-01-06 00:00:00,1,,,,false,false,
gen-ea496765167d,integrator,2024-01-06 00:00:00,2024-01-06 00:00:00,1,,,,false,false,
gen-457d103cc3dd,integrator,2024-01-08 00:00:00,2024-01-08 00:00:00,1,,,,false,false,
gen-81b8bb57b370,io_qa_pm,2024-01-08 00:00:00,2024-01-08 00:00:00,1,,,,false,false,
gen-b692de6099b3,integrator,2024-01-09 00:00:00,2024-01-09 00:00:00,1,,,,false,false,
gen-5549b4b68986,io_qa_pm,2024-01-10 00:00:00,2024-01-10 00:00:00,1,,,,false,false,
gen-ab637e9d4b92,integrator,2024-01-10 00:00:00,2024-01-10 00:00:00,1,,,,false,false,
gen-b82c3b342983,io_qa_pm,2024-01-11 00:00:00,2024-01-11 00:00:00,1,,,,false,false,
gen-ec7fe68a487e,integrator,2024-01-12 00:00:00,2024-01-12 00:00:00,1,,,,false,false,
gen-a28a5536b3ce,integrator,2024-01-13 00:00:00,2024-01-13 00:00:00,1,,,,false,false,
gen-6a86a676d215,io_qa_pm,2024-01-14 00:00:00,2024-01-14 00:00:00,1,,,,false,false,
gen-61a1a20c475d,integrator,2024-01-16 00:00:00,2024-01-16 00:00:00,1,,,,false,false,
gen-6594e825c734,integrator,2024-01-16 00:00:00,2024-01-16 00:00:00,1,,,,false,false,
gen-79eaa66be8e3,io_qa_pm,2024-01-16 00:00:00,2024-01-16 00:00:00,1,,,,false,false,
gen-a6ef893833da,integrator,2024-01-18 00:00:00,2024-01-18 00:00:00,1,,,,false,false,
gen-2994148adfa4,ui_ux,2024-01-23 00:00:00,2024-01-23 00:00:00,1,,,,false,false,
gen-2a80773ad318,io_qa_pm,2024-01-24 00:00:00,2024-01-24 00:00:00,1,,,,false,false,
gen-7c482006582b,ui_ux,2024-01-24 00:00:00,2024-01-24 00:00:00,1,,,,false,false,
gen-8f8a1ec69578,integrator,2024-01-24 00:00:00,2024-01-24 00:00:00,1,,,,false,false,
gen-a3524910a27f,io_qa_pm,2024-01-24 00:00:00,2024-01-24 00:00:00,1,,,,false,false,
gen-a9b30e9ae792,integrator,2024-01-24 00:00:00,2024-01-24 00:00:00,1,,,,false,false,
gen-d1ffb71dea5e,integrator,2024-01-24 00:00:00,2024-01-24 00:00:00,1,,,,false,false,
gen-0e328a350847,integrator,2024-01-25 00:00:00,2024-01-25 00:00:00,1,,,,false,false,
gen-78279534d50a,io_qa_pm,2024-01-25 00:00:00,2024-01-25 00:00:00,1,,,,false,false,
gen-e3100eafa6ab,io_qa_pm,2024-01-25 00:00:00,2024-01-25 00:00:00,1,,,,false,false,
gen-f8604e427fd3,integrator,2024-01-25 00:00:00,2024-01-25 00:00:00,1,,,,false,false,
gen-0ae3b35e239e,io_qa_pm,2024-01-26 00:00:00,2024-01-26 00:00:00,1,,,,false,false,
gen-777e2af5f759,integrator,2024-01-26 00:00:00,2024-01-26 00:00:00,1,,,,false,false,
gen-05147b923028,io_qa_pm,2024-01-29 00:00:00,2024-01-29 00:00:00,1,,,,false,false,
gen-cb541b7707ee,integrator,2024-01-29 00:00:00,2024-01-29 00:00:00,1,,,,false,false,
gen-0eb17456f58a,io_qa_pm,2024-01-30 00:00:00,2024-01-30 00:00:00,1,,,,false,false,
gen-b1eac3cbab06,ui_ux,2024-01-31 00:00:00,2024-01-31 00:00:00,1,,,,false,false,
gen-d79b14989298,integrator,2024-01-31 00:00:00,2024-01-31 00:00:00,1,,,,false,false,
gen-a1185670194d,integrator,2024-02-02 00:00:00,2024-02-02 00:00:00,1,,,,false,false,
gen-03c3b403f01c,ui_ux,2024-02-06 00:00:00,2024-02-06 00:00:00,1,,,,false,false,
gen-ab6149e39f2e,integrator,2024-02-06 00:00:00,2024-02-06 00:00:00,1,,,,false,false,
gen-104b3e9abd6a,io_qa_pm,2024-02-07 00:00:00,2024-02-07 00:00:00,1,,,,false,false,
gen-28aace987945,integrator,2024-02-07 00:00:00,2024-02-07 00:00:00,1,,,,false,false,
gen-5e5e57c0db17,integrator,2024-02-07 00:00:00,2024-02-07 00:00:00,1,,,,false,false,
gen-c02011ccb70f,integrator,2024-02-07 00:00:00,2024-02-07 00:00:00,1,,,,false,false,
gen-65e64cc701cb,integrator,2024-02-08 00:00:00,2024-02-08 00:00:00,1,,,,false,false,
gen-8df989cadcc2,integrator,2024-02-08 00:00:00,2024-02-08 00:00:00,1,,,,false,false,
gen-0c5781082350,io_qa_pm,2024-02-09 00:00:00,2024-02-09 00:00:00,1,,,,false,false,
gen-2fd388d0d556,io_qa_pm,2024-02-10 00:00:00,2024-02-10 00:00:00,1,,,,false,false,
gen-7529dfc3e6c7,integrator,2024-02-10 00:00:00,2024-02-10 00:00:00,1,,,,false,false,
gen-05894758c827,integrator,2024-02-13 00:00:00,2024-02-13 00:00:00,1,,,,false,false,
gen-38b32b6441c7,ui_ux,2024-02-13 00:00:00,2024-02-13 00:00:00,1,,,,false,false,
gen-6d9244e717d8,ui_ux,2024-02-13 00:00:00,2024-02-13 00:00:00,1,,,,false,false,
gen-e22405359984,io_qa_pm,2024-02-13 00:00:00,2024-02-13 00:00:00,1,,,,false,false,
gen-f38ae9f7d0f1,io_qa_pm,2024-02-13 00:00:00,2024-02-13 00:00:00,1,,,,false,false,
gen-1c0fd0cb8b67,io_qa_pm,2024-02-14 00:00:00,2024-02-14 00:00:00,1,,,,false,false,
gen-07e6aa02d375,integrator,2024-02-16 00:00:00,2024-02-16 00:00:00,1,,,,false,false,
gen-9c9f3749d97c,integrator,2024-02-16 00:00:00,2024-02-16 00:00:00,1,,,,false,false,
gen-e6e80135c8c1,ui_ux,2024-02-16 00:00:00,2024-02-16 00:00:00,1,,,,false,false,
gen-ea65a0e71933,io_qa_pm,2024-02-19 00:00:00,2024-02-19 00:00:00,1,,,,false,false,
gen-290b12f2ebdf,io_qa_pm,2024-02-21 00:00:00,2024-02-21 00:00:00,1,,,,false,false,
gen-9ea4b061803f,io_qa_pm,2024-02-21 00:00:00,2024-02-21 00:00:00,1,,,,false,false,
gen-1c4fbf95192e,io_qa_pm,2024-02-22 00:00:00,2024-02-22 00:00:00,1,,,,false,false,
gen-2464c28da365,io_qa_pm,2024-02-22 00:00:00,2024-02-22 00:00:00,1,,,,false,false,
gen-a5e314586566,ui_ux,2024-02-22 00:00:00,2024-02-22 00:00:00,1,,,,false,false,
gen-a705995c55d4,io_qa_pm,2024-02-22 00:00:00,2024-02-22 00:00:00,1,,,,false,false,
gen-e3232e1d0343,io_qa_pm,2024-02-22 00:00:00,2024-02-22 00:00:00,1,,,,false,false,
gen-fb5e57849c9f,io_qa_pm,2024-02-22 00:00:00,2024-02-22 00:00:00,1,,,,false,false,
gen-968ec45eb3a5,integrator,2024-02-23 00:00:00,2024-02-23 00:00:00,1,,,,false,false,
gen-d57842ce540c,io_qa_pm,2024-02-23 00:00:00,2024-02-23 00:00:00,1,,,,false,false,
gen-edc6b70656ec,io_qa_pm,2024-02-23 00:00:00,2024-02-23 00:00:00,1,,,,false,false,
gen-52f9673594ed,io_qa_pm,2024-02-26 00:00:00,2024-02-26 00:00:00,1,,,,false,false,
gen-7bca6486220a,ui_ux,2024-02-26 00:00:00,2024-02-26 00:00:00,1,,,,false,false,
gen-0d718624cef4,ui_ux,2024-02-28 00:00:00,2024-02-28 00:00:00,1,,,,false,false,
gen-122a261ef115,ui_ux,2024-02-28 00:00:00,2024-02-28 00:00:00,1,,,,false,false,
gen-3bdb3e86461b,ui_ux,2024-02-29 00:00:00,2024-02-29 00:00:00,1,,,,false,false,
gen-3d6a5d215017,integrator,2024-02-29 00:00:00,2024-02-29 00:00:00,1,,,,false,false,
gen-55e9cbb0542b,io_qa_pm,2024-02-29 00:00:00,2024-02-29 00:00:00,1,,,,false,false,
gen-b852d1579879,io_qa_pm,2024-02-29 00:00:00,2024-02-29 00:00:00,1,,,,false,false,
gen-bd7d6666f386,io_qa_pm,2024-02-29 00:00:00,2024-02-29 00:00:00,1,,,,false,false,
gen-cfb25ea8fed6,ui_ux,2024-02-29 00:00:00,2024-02-29 00:00:00,1,,,,false,false,
gen-5ec9edc2a256,io_qa_pm,2024-03-02 00:00:00,2024-03-02 00:00:00,1,,,,false,false,
gen-2983b2d34770,ui_ux,2024-03-04 00:00:00,2024-03-04 00:00:00,1,,,,false,false,
gen-d6d006ccd829,io_qa_pm,2024-03-08 00:00:00,2024-03-08 00:00:00,1,,,,false,false,
gen-82b891f52968,integrator,2024-03-12 00:00:00,2024-03-12 00:00:00,1,,,,false,false,
gen-3352e0b454da,integrator,2024-03-13 00:00:00,2024-03-13 00:00:00,1,,,,false,false,
gen-6d38727531e1,io_qa_pm,2024-03-14 00:00:00,2024-03-14 00:00:00,1,,,,false,false,
gen-9e1534e66f0b,io_qa_pm,2024-03-14 00:00:00,2024-03-14 00:00:00,1,,,,false,false,
gen-af38c38095d3,io_qa_pm,2024-03-14 00:00:00,2024-03-14 00:00:00,1,,,,false,false,
gen-9df4c7604491,integrator,2024-03-15 00:00:00,2024-03-15 00:00:00,1,,,,false,false,
gen-584d1da6ff5b,io_qa_pm,2024-03-16 00:00:00,2024-03-16 00:00:00,1,,,,false,false,
gen-d64c782d7917,ui_ux,2024-03-18 00:00:00,2024-03-18 00:00:00,1,,,,false,false,
gen-1f0cbba0743d,ui_ux,2024-03-20 00:00:00,2024-03-20 00:00:00,1,,,,false,false,
gen-de769abb9a39,io_qa_pm,2024-03-20 00:00:00,2024-03-20 00:00:00,1,,,,false,false,
gen-b998b3f91eaa,ui_ux,2024-03-21 00:00:00,2024-03-21 00:00:00,1,,,,false,false,
gen-3e1ad4246dc3,io_qa_pm,2024-03-22 00:00:00,2024-03-22 00:00:00,1,,,,false,false,
gen-c7da2a517d6d,io_qa_pm,2024-03-26 00:00:00,2024-03-26 00:00:00,1,,,,false,false,
gen-055012f09382,io_qa_pm,2024-03-27 00:00:00,2024-03-27 00:00:00,1,,,,false,false,
gen-9f06fcb7d964,io_qa_pm,2024-03-27 00:00:00,2024-03-27 00:00:00,1,,,,false,false,
gen-acbc0fda710f,ui_ux,2024-03-27 00:00:00,2024-03-27 00:00:00,1,,,,false,false,
gen-b708fcd58c05,io_qa_pm,2024-03-27 00:00:00,2024-03-27 00:00:00,1,,,,false,false,
gen-1ce97163564e,io_qa_pm,2024-03-28 00:00:00,2024-03-28 00:00:00,1,,,,false,false,
gen-81bb0e5492e5,io_qa_pm,2024-03-28 00:00:00,2024-03-28 00:00:00,1,,,,false,false,
gen-447d317665de,ui_ux,2024-04-03 00:00:00,2024-04-03 00:00:00,1,,,,false,false,
gen-57537eb82ba9,ui_ux,2024-04-03 00:00:00,2024-04-03 00:00:00,1,,,,false,false,
gen-fd55b4f46bfc,integrator,2024-04-03 00:00:00,2024-04-03 00:00:00,1,,,,false,false,
gen-05b56c49fea9,io_qa_pm,2024-04-04 00:00:00,2024-04-04 00:00:00,1,,,,false,false,
gen-2448a0f8a86e,io_qa_pm,2024-04-04 00:00:00,2024-04-04 00:00:00,1,,,,false,false,
gen-b0ff218bccd4,integrator,2024-04-04 00:00:00,2024-04-04 00:00:00,1,,,,false,false,
gen-726621e901de,io_qa_pm,2024-04-05 00:00:00,2024-04-05 00:00:00,1,,,,false,false,
gen-aefca62d3314,ui_ux,2024-04-05 00:00:00,2024-04-05 00:00:00,1,,,,false,false,
gen-b9e0ab1485ee,io_qa_pm,2024-04-05 00:00:00,2024-04-05 00:00:00,1,,,,false,false,
gen-627285b13dad,io_qa_pm,2024-04-06 00:00:00,2024-04-06 00:00:00,1,,,,false,false,
gen-c6fef321d499,io_qa_pm,2024-04-06 00:00:00,2024-04-06 00:00:00,1,,,,false,false,
gen-a94bbfd3325a,ui_ux,2024-04-10 00:00:00,2024-04-10 00:00:00,1,,,,false,false,
gen-2d268723edb5,io_qa_pm,2024-04-12 00:00:00,2024-04-12 00:00:00,1,,,,false,false,
gen-0ed4c4deaff8,io_qa_pm,2024-04-15 00:00:00,2024-04-15 00:00:00,1,,,,false,false,
gen-b7cb4512211e,io_qa_pm,2024-04-18 00:00:00,2024-04-18 00:00:00,1,,,,false,false,
gen-bedb1f7c8c13,integrator,2024-04-18 00:00:00,2024-04-18 00:00:00,1,,,,false,false,
gen-68e3a1d1b3a2,io_qa_pm,2024-04-19 00:00:00,2024-04-19 00:00:00,1,,,,false,false,
gen-8d1c5e3cb7c7,io_qa_pm,2024-04-19 00:00:00,2024-04-19 00:00:00,1,,,,false,false,
gen-63eb4bdd97df,ui_ux,2024-04-22 00:00:00,2024-04-22 00:00:00,1,,,,false,false,
gen-698cba2c6a6d,io_qa_pm,2024-04-22 00:00:00,2024-04-22 00:00:00,1,,,,false,false,
gen-1d254d2bc82d,io_qa_pm,2024-04-23 00:00:00,2024-04-23 00:00:00,1,,,,false,false,
gen-fa2ca24c659b,integrator,2024-04-23 00:00:00,2024-04-23 00:00:00,1,,,,false,false,
gen-fdb690210f42,integrator,2024-04-23 00:00:00,2024-04-23 00:00:00,1,,,,false,false,
gen-3d5c25ebeba6,io_qa_pm,2024-04-24 00:00:00,2024-04-24 00:00:00,1,,,,false,false,
gen-6aa439fc3f74,integrator,2024-04-24 00:00:00,2024-04-24 00:00:00,1,,,,false,false,
gen-7c52668d59ed,io_qa_pm,2024-04-24 00:00:00,2024-04-24 00:00:00,1,,,,false,false,
gen-8b09189c232f,io_qa_pm,2024-04-24 00:00:00,2024-04-24 00:00:00,1,,,,false,false,
gen-dac95282607c,io_qa_pm,2024-04-24 00:00:00,2024-04-24 00:00:00,1,,,,false,false,
gen-479d63a0016e,integrator,2024-04-26 00:00:00,2024-04-26 00:00:00,1,,,,false,false,
gen-da3e94258f03,integrator,2024-04-26 00:00:00,2024-04-26 00:00:00,1,,,,false,false,
gen-ee563d4f955e,io_qa_pm,2024-04-28 00:00:00,2024-04-28 00:00:00,1,,,,false,false,
gen-6815ebbc8451,ui_ux,2024-04-29 00:00:00,2024-04-29 00:00:00,1,,,,false,false,
gen-a2a5e7a0123d,integrator,2024-04-30 00:00:00,2024-04-30 00:00:00,1,,,,false,false,
gen-bcdd83c9a635,io_qa_pm,2024-04-30 00:00:00,2024-04-30 00:00:00,1,,,,false,false,
gen-ae77181efa59,io_qa_pm,2024-05-01 00:00:00,2024-05-01 00:00:00,1,,,,false,false,
gen-c43f8302132e,io_qa_pm,2024-05-01 00:00:00,2024-05-01 00:00:00,1,,,,false,false,
gen-c971eb842a97,io_qa_pm,2024-05-01 00:00:00,2024-05-01 00:00:00,1,,,,false,false,
gen-fae1d2c67bc5,io_qa_pm,2024-05-01 00:00:00,2024-05-01 00:00:00,1,,,,false,false,
gen-1a7d6148d392,io_qa_pm,2024-05-02 00:00:00,2024-05-02 00:00:00,1,,,,false,false,
gen-36b53559d1a5,ui_ux,2024-05-02 00:00:00,2024-05-02 00:00:00,1,,,,false,false,
gen-428ef828db6e,ui_ux,2024-05-02 00:00:00,2024-05-02 00:00:00,1,,,,false,false,
gen-686171379481,integrator,2024-05-03 00:00:00,2024-05-03 00:00:00,1,,,,false,false,
gen-8997b4ccf1f5,ui_ux,2024-05-03 00:00:00,2024-05-03 00:00:00,1,,,,false,false,
gen-a5f51d53f3f6,io_qa_pm,2024-05-03 00:00:00,2024-05-03 00:00:00,1,,,,false,false,
gen-6dd2a4d554f7,io_qa_pm,2024-05-04 00:00:00,2024-05-04 00:00:00,1,,,,false,false,
gen-75bd1395fad4,ui_ux,2024-05-04 00:00:00,2024-05-04 00:00:00,1,,,,false,false,
gen-a345b9d65cb7,io_qa_pm,2024-05-04 00:00:00,2024-05-04 00:00:00,1,,,,false,false,
gen-da45072f9ecf,io_qa_pm,2024-05-04 00:00:00,2024-05-04 00:00:00,1,,,,false,false,
gen-029508f4264f,io_qa_pm,2024-05-07 00:00:00,2024-05-07 00:00:00,1,,,,false,false,
gen-1ad7a6d05161,integrator,2024-05-07 00:00:00,2024-05-07 00:00:00,1,,,,false,false,
gen-254f3b2a9763,integrator,2024-05-07 00:00:00,2024-05-07 00:00:00,1,,,,false,false,
gen-da573fece130,ui_ux,2024-05-07 00:00:00,2024-05-07 00:00:00,1,,,,false,false,
gen-58b7be62a45c,io_qa_pm,2024-05-09 00:00:00,2024-05-09 00:00:00,1,,,,false,false,
gen-8523e12374fb,io_qa_pm,2024-05-10 00:00:00,2024-05-10 00:00:00,1,,,,false,false,
gen-a9ceec2e43ed,ui_ux,2024-05-10 00:00:00,2024-05-10 00:00:00,1,,,,false,false,
gen-968358d6ab66,io_qa_pm,2024-05-11 00:00:00,2024-05-11 00:00:00,1,,,,false,false,
gen-0e4be85374d1,integrator,2024-05-14 00:00:00,2024-05-14 00:00:00,1,,,,false,false,
gen-d9369c7ba696,io_qa_pm,2024-05-14 00:00:00,2024-05-14 00:00:00,1,,,,false,false,
gen-0576ae330511,integrator,2024-05-15 00:00:00,2024-05-15 00:00:00,1,,,,false,false,
gen-1ae017ee30dd,io_qa_pm,2024-05-17 00:00:00,2024-05-17 00:00:00,1,,,,false,false,
gen-2a63c7b06e7a,ui_ux,2024-05-17 00:00:00,2024-05-17 00:00:00,1,,,,false,false,
gen-7c9a8ff97035,io_qa_pm,2024-05-17 00:00:00,2024-05-17 00:00:00,1,,,,false,false,
gen-b693b7692110,io_qa_pm,2024-05-17 00:00:00,2024-05-17 00:00:00,1,,,,false,false,
gen-ee4fc74286ef,io_qa_pm,2024-05-17 00:00:00,2024-05-17 00:00:00,1,,,,false,false,
gen-489df22fabd6,io_qa_pm,2024-05-21 00:00:00,2024-05-21 00:00:00,1,,,,false,false,
gen-520423236e38,integrator,2024-05-21 00:00:00,2024-05-21 00:00:00,1,,,,false,false,
gen-a98ee6841bfb,io_qa_pm,2024-05-21 00:00:00,2024-05-21 00:00:00,1,,,,false,false,
gen-bdd44aa788dd,integrator,2024-05-21 00:00:00,2024-05-21 00:00:00,1,,,,false,false,
gen-d25b3662eb27,integrator,2024-05-21 00:00:00,2024-05-21 00:00:00,1,,,,false,false,
gen-e8a536d06d7c,integrator,2024-05-22 00:00:00,2024-05-22 00:00:00,1,,,,false,false,
gen-e91e77451372,integrator,2024-05-22 00:00:00,2024-05-22 00:00:00,1,,,,false,false,
gen-50a648f40446,integrator,2024-05-23 00:00:00,2024-05-23 00:00:00,1,,,,false,false,
gen-dac3d8d57ee3,integrator,2024-05-23 00:00:00,2024-05-23 00:00:00,1,,,,false,false,
gen-a45b2d4617fe,io_qa_pm,2024-05-24 00:00:00,2024-05-24 00:00:00,1,,,,false,false,
gen-6b56748fa344,io_qa_pm,2024-05-28 00:00:00,2024-05-28 00:00:00,1,,,,false,false,
gen-88179500a22e,ui_ux,2024-05-28 00:00:00,2024-05-28 00:00:00,1,,,,false,false,
gen-0ef89d619588,io_qa_pm,2024-05-29 00:00:00,2024-05-29 00:00:00,1,,,,false,false,
gen-54a8b816c4da,io_qa_pm,2024-05-29 00:00:00,2024-05-29 00:00:00,1,,,,false,false,
gen-5dc01933d9fa,integrator,2024-05-29 00:00:00,2024-05-29 00:00:00,1,,,,false,false,
gen-151dddbb4538,io_qa_pm,2024-05-30 00:00:00,2024-05-30 00:00:00,1,,,,false,false,
gen-df38a0643ad6,io_qa_pm,2024-05-30 00:00:00,2024-05-30 00:00:00,1,,,,false,false,
gen-2a9374c490e4,io_qa_pm,2024-05-31 00:00:00,2024-05-31 00:00:00,1,,,,false,false,
gen-1304ba87f035,integrator,2024-06-04 00:00:00,2024-06-04 00:00:00,1,,,,false,false,
gen-007a04b3e695,io_qa_pm,2024-06-05 00:00:00,2024-06-05 00:00:00,1,,,,false,false,
gen-587146147c04,io_qa_pm,2024-06-05 00:00:00,2024-06-05 00:00:00,1,,,,false,false,
gen-b1f5b22553d5,ui_ux,2024-06-05 00:00:00,2024-06-05 00:00:00,1,,,,false,false,
gen-1bd82cad3775,integrator,2024-06-06 00:00:00,2024-06-06 00:00:00,1,,,,false,false,
gen-14f0648a6c71,io_qa_pm,2024-06-08 00:00:00,2024-06-08 00:00:00,1,,,,false,false,
gen-e952eab79071,integrator,2024-06-11 00:00:00,2024-06-11 00:00:00,1,,,,false,false,
gen-33538e5cbdd0,io_qa_pm,2024-06-12 00:00:00,2024-06-12 00:00:00,1,,,,false,false,
gen-e00232c3e148,io_qa_pm,2024-06-13 00:00:00,2024-06-13 00:00:00,1,,,,false,false,
gen-15979efdc65b,ui_ux,2024-06-14 00:00:00,2024-06-14 00:00:00,1,,,,false,false,
gen-8c0e7151abbd,integrator,2024-06-15 00:00:00,2024-06-15 00:00:00,1,,,,false,false,
gen-c51333a4b245,integrator,2024-06-17 00:00:00,2024-06-17 00:00:00,1,,,,false,false,
gen-1c604001a4a4,io_qa_pm,2024-06-18 00:00:00,2024-06-18 00:00:00,1,,,,false,false,
gen-1e4674f67ba5,integrator,2024-06-26 00:00:00,2024-06-26 00:00:00,1,,,,false,false,
gen-a52619cfe71f,io_qa_pm,2024-06-26 00:00:00,2024-06-26 00:00:00,1,,,,false,false,
gen-e4e96f4ba53e,integrator,2024-06-26 00:00:00,2024-06-26 00:00:00,1,,,,false,false,
gen-5abb1dad5962,io_qa_pm,2024-06-27 00:00:00,2024-06-27 00:00:00,1,,,,false,false,
gen-b097b0444970,integrator,2024-06-27 00:00:00,2024-06-27 00:00:00,1,,,,false,false,
gen-d40971e89228,io_qa_pm,2024-07-01 00:00:00,2024-07-01 00:00:00,1,,,,false,false,
gen-d8d3688adb6f,integrator,2024-07-03 00:00:00,2024-07-03 00:00:00,1,,,,false,false,
gen-55239518d6f4,integrator,2024-07-05 00:00:00,2024-07-05 00:00:00,1,,,,false,false,
gen-08f853057eb2,integrator,2024-07-11 00:00:00,2024-07-11 00:00:00,1,,,,false,false,
gen-67f21ffa768f,integrator,2024-07-12 00:00:00,2024-07-12 00:00:00,1,,,,false,false,
gen-ae3fc1ab68f5,integrator,2024-07-12 00:00:00,2024-07-12 00:00:00,1,,,,false,false,
gen-5beb68c354d2,integrator,2024-07-15 00:00:00,2024-07-15 00:00:00,1,,,,false,false,
gen-e6abc3477e41,integrator,2024-07-15 00:00:00,2024-07-15 00:00:00,1,,,,false,false,
gen-e78b832067b2,io_qa_pm,2024-07-15 00:00:00,2024-07-15 00:00:00,1,,,,false,false,
gen-3cfd37c3d0c5,integrator,2024-07-16 00:00:00,2024-07-16 00:00:00,1,,,,false,false,
gen-4c7f15c8eeaf,io_qa_pm,2024-07-17 00:00:00,2024-07-17 00:00:00,1,,,,false,false,
gen-ab5a244d8fad,ui_ux,2024-07-17 00:00:00,2024-07-17 00:00:00,1,,,,false,false,
gen-4b76caeeb736,integrator,2024-07-18 00:00:00,2024-07-18 00:00:00,1,,,,false,false,
gen-27f3897fb5cf,io_qa_pm,2024-07-19 00:00:00,2024-07-19 00:00:00,1,,,,false,false,
gen-3b0b6bbb6bb9,integrator,2024-07-19 00:00:00,2024-07-19 00:00:00,1,,,,false,false,
gen-374e57de7bd6,io_qa_pm,2024-07-20 00:00:00,2024-07-20 00:00:00,1,,,,false,false,
gen-c633bed65b19,io_qa_pm,2024-07-22 00:00:00,2024-07-22 00:00:00,1,,,,false,false,
gen-301e37a53531,io_qa_pm,2024-07-23 00:00:00,2024-07-23 00:00:00,1,,,,false,false,
gen-8c4d28e4d37e,io_qa_pm,2024-07-23 00:00:00,2024-07-23 00:00:00,1,,,,false,false,
gen-0d8b3dffd96b,integrator,2024-07-24 00:00:00,2024-07-24 00:00:00,1,,,,false,false,
gen-11d3c3d3a0c9,ui_ux,2024-07-24 00:00:00,2024-07-24 00:00:00,1,,,,false,false,
gen-c1423cb8d8cd,io_qa_pm,2024-07-27 00:00:00,2024-07-27 00:00:00,1,,,,false,false,
gen-4771f789b11b,integrator,2024-07-29 00:00:00,2024-07-29 00:00:00,1,,,,false,false,
gen-b544dbf9a780,integrator,2024-07-29 00:00:00,2024-07-29 00:00:00,1,,,,false,false,
gen-bc64e1cbdeb3,integrator,2024-07-30 00:00:00,2024-07-30 00:00:00,1,,,,false,false,
gen-3539dc2dae26,io_qa_pm,2024-08-01 00:00:00,2024-08-01 00:00:00,1,,,,false,false,
gen-32221f8733cd,integrator,2024-08-02 00:00:00,2024-08-02 00:00:00,1,,,,false,false,
gen-4b512bc0c483,integrator,2024-08-02 00:00:00,2024-08-02 00:00:00,1,,,,false,false,
gen-70ddc020e374,integrator,2024-08-02 00:00:00,2024-08-02 00:00:00,1,,,,false,false,
gen-7efc6793fc6c,io_qa_pm,2024-08-02 00:00:00,2024-08-02 00:00:00,1,,,,false,false,
gen-b3a05f59b6ad,io_qa_pm,2024-08-02 00:00:00,2024-08-02 00:00:00,1,,,,false,false,
gen-5a197da3fc98,integrator,2024-08-05 00:00:00,2024-08-05 00:00:00,1,,,,false,false,
gen-3592e65abbca,io_qa_pm,2024-08-09 00:00:00,2024-08-09 00:00:00,1,,,,false,false,
gen-4349ab5748ce,io_qa_pm,2024-08-10 00:00:00,2024-08-10 00:00:00,1,,,,false,false,
gen-ebfc98755b45,integrator,2024-08-12 00:00:00,2024-08-12 00:00:00,1,,,,false,false,
gen-645d0fd3ad8d,io_qa_pm,2024-08-13 00:00:00,2024-08-13 00:00:00,1,,,,false,false,
gen-66a35cec55a7,io_qa_pm,2024-08-13 00:00:00,2024-08-13 00:00:00,1,,,,false,false,
gen-f43446371b4a,ui_ux,2024-08-13 00:00:00,2024-08-13 00:00:00,1,,,,false,false,
gen-db2fdf1ec94a,io_qa_pm,2024-08-14 00:00:00,2024-08-14 00:00:00,1,,,,false,false,
gen-132283a0a3d8,io_qa_pm,2024-08-17 00:00:00,2024-08-17 00:00:00,1,,,,false,false,
gen-9e06a0e8e8d5,io_qa_pm,2024-08-17 00:00:00,2024-08-17 00:00:00,1,,,,false,false,
gen-a7bde01c398f,io_qa_pm,2024-08-17 00:00:00,2024-08-17 00:00:00,1,,,,false,false,
gen-a38a58dfa76f,integrator,2024-08-22 00:00:00,2024-08-22 00:00:00,1,,,,false,false,
gen-9aaaab81afe7,integrator,2024-08-23 00:00:00,2024-08-23 00:00:00,1,,,,false,false,
gen-cbd6a19fa32d,integrator,2024-08-23 00:00:00,2024-08-23 00:00:00,1,,,,false,false,
gen-63761aa1f859,io_qa_pm,2024-08-26 00:00:00,2024-08-26 00:00:00,1,,,,false,false,
gen-d93a459b543c,io_qa_pm,2024-08-27 00:00:00,2024-08-27 00:00:00,1,,,,false,false,
gen-7ffbb70f468c,io_qa_pm,2024-08-28 00:00:00,2024-08-28 00:00:00,1,,,,false,false,
gen-f2d0690609ce,io_qa_pm,2024-08-28 00:00:00,2024-08-28 00:00:00,1,,,,false,false,
gen-441bdf95fc6a,integrator,2024-08-29 00:00:00,2024-08-29 00:00:00,1,,,,false,false,
gen-d54e1abde7dd,integrator,2024-08-29 00:00:00,2024-08-29 00:00:00,1,,,,false,false,
gen-f74954bfe05f,integrator,2024-08-31 00:00:00,2024-08-31 00:00:00,1,,,,false,false,
gen-24e953bd5b35,integrator,2024-09-04 00:00:00,2024-09-04 00:00:00,1,,,,false,false,
gen-0d916c8c34c7,ui_ux,2024-09-09 00:00:00,2024-09-09 00:00:00,1,,,,false,false,
gen-27bb10525cdc,ui_ux,2024-09-09 00:00:00,2024-09-09 00:00:00,1,,,,false,false,
gen-48906d47a020,integrator,2024-09-09 00:00:00,2024-09-09 00:00:00,1,,,,false,false,
gen-b38e63d7b3ca,integrator,2024-09-10 00:00:00,2024-09-10 00:00:00,1,,,,false,false,
gen-dd82b57658da,ui_ux,2024-09-10 00:00:00,2024-09-10 00:00:00,1,,,,false,false,
gen-9864cc699cc3,ui_ux,2024-09-12 00:00:00,2024-09-12 00:00:00,1,,,,false,false,
gen-2651245d9d79,ui_ux,2024-09-19 00:00:00,2024-09-19 00:00:00,1,,,,false,false,
gen-32798eaf6a4d,integrator,2024-09-19 00:00:00,2024-09-19 00:00:00,1,,,,false,false,
gen-4d30d3775544,ui_ux,2024-09-19 00:00:00,2024-09-19 00:00:00,1,,,,false,false,
gen-7754e4e79f00,integrator,2024-09-19 00:00:00,2024-09-19 00:00:00,1,,,,false,false,
gen-77900d68ebdd,ui_ux,2024-09-19 00:00:00,2024-09-19 00:00:00,1,,,,false,false,
gen-7b9ecb212582,ui_ux,2024-09-19 00:00:00,2024-09-19 00:00:00,1,,,,false,false,
gen-fdbc6f916755,ui_ux,2024-09-19 00:00:00,2024-09-19 00:00:00,1,,,,false,false,
gen-704d01f7a643,io_qa_pm,2024-09-24 00:00:00,2024-09-24 00:00:00,1,,,,false,false,
gen-dc7b51861c44,ui_ux,2024-09-24 00:00:00,2024-09-24 00:00:00,1,,,,false,false,
gen-f42ebb285c58,ui_ux,2024-09-24 00:00:00,2024-09-24 00:00:00,1,,,,false,false,
gen-0e995184f5c9,io_qa_pm,2024-09-25 00:00:00,2024-09-25 00:00:00,1,,,,false,false,
gen-d7c47569f530,integrator,2024-09-25 00:00:00,2024-09-25 00:00:00,1,,,,false,false,
gen-052820340f62,io_qa_pm,2024-09-26 00:00:00,2024-09-26 00:00:00,1,,,,false,false,
gen-3c84b7c158d3,integrator,2024-09-26 00:00:00,2024-09-26 00:00:00,1,,,,false,false,
gen-d51045342b96,integrator,2024-09-26 00:00:00,2024-09-26 00:00:00,1,,,,false,false,
gen-151fe3fd7a01,integrator,2024-09-27 00:00:00,2024-09-27 00:00:00,1,,,,false,false,
gen-6c36dd48d248,integrator,2024-09-27 00:00:00,2024-09-27 00:00:00,1,,,,false,false,
gen-b42e5acbdb61,io_qa_pm,2024-09-27 00:00:00,2024-09-27 00:00:00,1,,,,false,false,
gen-07944d723379,ui_ux,2024-09-28 00:00:00,2024-09-28 00:00:00,1,,,,false,false,
gen-09ccacde5444,ui_ux,2024-09-28 00:00:00,2024-09-28 00:00:00,1,,,,false,false,
gen-6bfd4498a33d,ui_ux,2024-09-28 00:00:00,2024-09-28 00:00:00,1,,,,false,false,
gen-d138602dea2a,ui_ux,2024-09-28 00:00:00,2024-09-28 00:00:00,1,,,,false,false,
gen-f423985d9e10,io_qa_pm,2024-09-28 00:00:00,2024-09-28 00:00:00,1,,,,false,false,
gen-3ca8b1c22b7f,ui_ux,2024-09-30 00:00:00,2024-09-30 00:00:00,1,,,,false,false,
gen-101468134a38,integrator,2024-10-02 00:00:00,2024-10-02 00:00:00,1,,,,false,false,
gen-897a58aa6bf8,integrator,2024-10-02 00:00:00,2024-10-02 00:00:00,1,,,,false,false,
gen-e51d99ccb684,ui_ux,2024-10-02 00:00:00,2024-10-02 00:00:00,1,,,,false,false,
gen-a377c5382f6e,ui_ux,2024-10-03 00:00:00,2024-10-03 00:00:00,1,,,,false,false,
gen-4e3e3f2a00ed,ui_ux,2024-10-04 00:00:00,2024-10-04 00:00:00,1,,,,false,false,
gen-f217eb7148a4,integrator,2024-10-04 00:00:00,2024-10-04 00:00:00,1,,,,false,false,
gen-102297d2009b,Email,2024-10-08 00:00:00,2024-10-08 00:00:00,1,,,,false,false,
gen-5420cb3b76d1,io_qa_pm,2024-10-08 00:00:00,2024-10-08 00:00:00,1,,,,false,false,
gen-5f3153d5dd17,io_qa_pm,2024-10-09 00:00:00,2024-10-09 00:00:00,1,,,,false,false,
gen-3e390cdf2b39,ui_ux,2024-10-10 00:00:00,2024-10-10 00:00:00,1,,,,false,false,
gen-a3e2dc7cf208,ui_ux,2024-10-10 00:00:00,2024-10-10 00:00:00,1,,,,false,false,
gen-df11ac522460,io_qa_pm,2024-10-10 00:00:00,2024-10-10 00:00:00,1,,,,false,false,
gen-d1e9d314fa1e,io_qa_pm,2024-10-14 00:00:00,2024-10-14 00:00:00,1,,,,false,false,
gen-7ca52a4a575e,io_qa_pm,2024-10-16 00:00:00,2024-10-16 00:00:00,1,,,,false,false,
gen-f75481df8c6e,ui_ux,2024-10-16 00:00:00,2024-10-16 00:00:00,1,,,,false,false,
gen-a3d7a3d91003,ui_ux,2024-10-17 00:00:00,2024-10-17 00:00:00,1,,,,false,false,
gen-fb2653539352,ui_ux,2024-10-17 00:00:00,2024-10-17 00:00:00,1,,,,false,false,
gen-9cccc8f0a924,integrator,2024-10-21 00:00:00,2024-10-21 00:00:00,1,,,,false,false,
gen-a4522d8f7c6b,integrator,2024-10-21 00:00:00,2024-10-21 00:00:00,1,,,,false,false,
gen-bdb0b193a846,ui_ux,2024-10-21 00:00:00,2024-10-21 00:00:00,1,,,,false,false,
gen-486c8d6be164,io_qa_pm,2024-10-23 00:00:00,2024-10-23 00:00:00,1,,,,false,false,
gen-a29eec9bc991,io_qa_pm,2024-10-25 00:00:00,2024-10-25 00:00:00,1,,,,false,false,
gen-63e487719c04,io_qa_pm,2024-10-28 00:00:00,2024-10-28 00:00:00,1,,,,false,false,
gen-9692749fc260,integrator,2024-10-30 00:00:00,2024-10-30 00:00:00,1,,,,false,false,
gen-0830a97e5619,io_qa_pm,2024-11-01 00:00:00,2024-11-01 00:00:00,1,,,,false,false,
gen-d82c963ad7d7,integrator,2024-11-02 00:00:00,2024-11-02 00:00:00,1,,,,false,false,
gen-5d41816befd1,ui_ux,2024-11-04 00:00:00,2024-11-04 00:00:00,1,,,,false,false,
gen-f6c6a00b80f0,io_qa_pm,2024-11-05 00:00:00,2024-11-05 00:00:00,1,,,,false,false,
gen-50cf781c3f57,ui_ux,2024-11-07 00:00:00,2024-11-07 00:00:00,1,,,,false,false,
gen-bbd36e092358,ui_ux,2024-11-07 00:00:00,2024-11-07 00:00:00,1,,,,false,false,
gen-244f415a3bfb,ui_ux,2024-11-08 00:00:00,2024-11-08 00:00:00,1,,,,false,false,
gen-b3afc18c20d0,integrator,2024-11-08 00:00:00,2024-11-08 00:00:00,1,,,,false,false,
gen-bac411dfc54a,integrator,2024-11-11 00:00:00,2024-11-11 00:00:00,1,,,,false,false,
gen-863857ff80b9,integrator,2024-11-13 00:00:00,2024-11-13 00:00:00,1,,,,false,false,
gen-dba353737f25,io_qa_pm,2024-11-13 00:00:00,2024-11-13 00:00:00,1,,,,false,false,
gen-ddd205e81204,ui_ux,2024-11-14 00:00:00,2024-11-14 00:00:00,1,,,,false,false,
gen-f443be73d53d,integrator,2024-11-14 00:00:00,2024-11-14 00:00:00,1,,,,false,false,
gen-925625e24f3f,io_qa_pm,2024-11-15 00:00:00,2024-11-15 00:00:00,1,,,,false,false,
gen-14a866797a98,integrator,2024-11-19 00:00:00,2024-11-19 00:00:00,1,,,,false,false,
gen-442f58870024,ui_ux,2024-11-21 00:00:00,2024-11-21 00:00:00,1,,,,false,false,
gen-aafa06fb2bbe,io_qa_pm,2024-11-22 00:00:00,2024-11-22 00:00:00,1,,,,false,false,
gen-e018fe94fce2,integrator,2024-11-22 00:00:00,2024-11-22 00:00:00,1,,,,false,false,
gen-7bbe40ec0dcf,integrator,2024-11-26 00:00:00,2024-11-26 00:00:00,1,,,,false,false,
gen-efcf9e39a505,ui_ux,2024-11-26 00:00:00,2024-11-26 00:00:00,1,,,,false,false,
gen-0377a9748e91,io_qa_pm,2024-11-28 00:00:00,2024-11-28 00:00:00,1,,,,false,false,
gen-f725216dbb3d,integrator,2024-11-28 00:00:00,2024-11-28 00:00:00,1,,,,false,false,
gen-f908673afcbd,integrator,2024-11-29 00:00:00,2024-11-29 00:00:00,1,,,,false,false,
gen-10161290d612,integrator,2024-12-06 00:00:00,2024-12-06 00:00:00,1,,,,false,false,
gen-8c3c6ead678b,ui_ux,2024-12-14 00:00:00,2024-12-14 00:00:00,1,,,,false,false,
gen-bf00701f751d,io_qa_pm,2024-12-14 00:00:00,2024-12-14 00:00:00,1,,,,false,false,
gen-bcdc86816a16,io_qa_pm,2024-12-21 00:00:00,2024-12-21 00:00:00,1,,,,false,false,
gen-96884cc7bc4e,io_qa_pm,2024-12-24 00:00:00,2024-12-24 00:00:00,1,,,,false,false,
gen-17115a188ed5,io_qa_pm,2024-12-27 00:00:00,2024-12-27 00:00:00,1,,,,false,false,
gen-fb1d4417a093,io_qa_pm,2024-12-27 00:00:00,2024-12-27 00:00:00,1,,,,false,false,
gen-0f7a4d25ad28,io_qa_pm,2024-12-30 00:00:00,2024-12-30 00:00:00,1,,,,false,false,
gen-bfe1b803a747,io_qa_pm,2024-12-31 00:00:00,2024-12-31 00:00:00,1,,,,false,false,
gen-22efba8f2b2a,io_qa_pm,2025-01-02 00:00:00,2025-01-02 00:00:00,1,,,,false,false,
gen-31c37efd5610,io_qa_pm,2025-01-02 00:00:00,2025-01-02 00:00:00,1,,,,false,false,
gen-98051d7d9d17,io_qa_pm,2025-01-02 00:00:00,2025-01-02 00:00:00,1,,,,false,false,
gen-e16dc95c7ab7,io_qa_pm,2025-01-04 00:00:00,2025-01-04 00:00:00,1,,,,false,false,
gen-fe70ae7de98b,integrator,2025-01-07 00:00:00,2025-01-07 00:00:00,1,,,,false,false,
gen-43acae4de49a,integrator,2025-01-08 00:00:00,2025-01-08 00:00:00,1,,,,false,false,
gen-ca148c4fea79,io_qa_pm,2025-01-09 00:00:00,2025-01-09 00:00:00,1,,,,false,false,
gen-c7deb32e8288,io_qa_pm,2025-01-10 00:00:00,2025-01-10 00:00:00,1,,,,false,false,
gen-ffb3fe59fcad,io_qa_pm,2025-01-10 00:00:00,2025-01-10 00:00:00,1,,,,false,false,
gen-d188379473a8,integrator,2025-01-11 00:00:00,2025-01-11 00:00:00,1,,,,false,false,
gen-508413250f4c,io_qa_pm,2025-01-15 00:00:00,2025-01-15 00:00:00,1,,,,false,false,
gen-54ecc2a1aa57,io_qa_pm,2025-01-15 00:00:00,2025-01-15 00:00:00,1,,,,false,false,
gen-5c22a743d164,io_qa_pm,2025-01-16 00:00:00,2025-01-16 00:00:00,1,,,,false,false,
gen-ae4ae5bb7581,integrator,2025-01-16 00:00:00,2025-01-16 00:00:00,1,,,,false,false,
gen-8dd5756442e7,io_qa_pm,2025-01-17 00:00:00,2025-01-17 00:00:00,1,,,,false,false,
gen-3d722ea49145,io_qa_pm,2025-01-18 00:00:00,2025-01-18 00:00:00,1,,,,false,false,
gen-30768f3e53a5,ui_ux,2025-01-21 00:00:00,2025-01-21 00:00:00,1,,,,false,false,
gen-0b883cf9bb66,io_qa_pm,2025-01-22 00:00:00,2025-01-22 00:00:00,1,,,,false,false,
gen-4c6b03224c55,io_qa_pm,2025-01-22 00:00:00,2025-01-22 00:00:00,1,,,,false,false,
gen-3d950c4e8337,io_qa_pm,2025-01-23 00:00:00,2025-01-23 00:00:00,1,,,,false,false,
gen-785272ce3825,io_qa_pm,2025-01-24 00:00:00,2025-01-24 00:00:00,1,,,,false,false,
gen-983603844319,io_qa_pm,2025-01-24 00:00:00,2025-01-24 00:00:00,1,,,,false,false,
gen-f1464b5445d2,io_qa_pm,2025-01-24 00:00:00,2025-01-24 00:00:00,1,,,,false,false,
gen-f67cb06a2a3c,io_qa_pm,2025-01-24 00:00:00,2025-01-24 00:00:00,1,,,,false,false,
gen-5d616a7e75ff,io_qa_pm,2025-01-25 00:00:00,2025-01-25 00:00:00,1,,,,false,false,
gen-5e113f33e4e6,io_qa_pm,2025-01-25 00:00:00,2025-01-25 00:00:00,1,,,,false,false,
gen-2b276fa526d9,io_qa_pm,2025-01-28 00:00:00,2025-01-28 00:00:00,1,,,,false,false,
gen-658fb20e644d,io_qa_pm,2025-01-28 00:00:00,2025-01-28 00:00:00,1,,,,false,false,
gen-ec1035332f00,io_qa_pm,2025-01-28 00:00:00,2025-01-28 00:00:00,1,,,,false,false,
gen-0689f43eca68,io_qa_pm,2025-01-29 00:00:00,2025-01-29 00:00:00,1,,,,false,false,
gen-556d1830d80f,io_qa_pm,2025-01-29 00:00:00,2025-01-29 00:00:00,1,,,,false,false,
gen-579597fb189e,io_qa_pm,2025-01-29 00:00:00,2025-01-29 00:00:00,1,,,,false,false,
gen-9b5f0f8166a6,io_qa_pm,2025-01-29 00:00:00,2025-01-29 00:00:00,1,,,,false,false,
gen-a9866872a7ec,io_qa_pm,2025-01-29 00:00:00,2025-01-29 00:00:00,1,,,,false,false,
gen-ce826b90789e,io_qa_pm,2025-01-29 00:00:00,2025-01-29 00:00:00,1,,,,false,false,
gen-28af98922534,io_qa_pm,2025-01-30 00:00:00,2025-01-30 00:00:00,1,,,,false,false,
gen-35edfce1d3e7,io_qa_pm,2025-01-30 00:00:00,2025-01-30 00:00:00,1,,,,false,false,
gen-44cff9a8ecd1,io_qa_pm,2025-01-30 00:00:00,2025-01-30 00:00:00,1,,,,false,false,
gen-c65fd599eb69,integrator,2025-01-30 00:00:00,2025-01-30 00:00:00,1,,,,false,false,
gen-e272ba768b2d,io_qa_pm,2025-01-30 00:00:00,2025-01-30 00:00:00,1,,,,false,false,
gen-66e2a726b528,io_qa_pm,2025-01-31 00:00:00,2025-01-31 00:00:00,1,,,,false,false,
gen-2813226e7973,io_qa_pm,2025-02-01 00:00:00,2025-02-01 00:00:00,1,,,,false,false,
gen-507ce51e069b,integrator,2025-02-01 00:00:00,2025-02-01 00:00:00,1,,,,false,false,
gen-64ff63df3ae3,integrator,2025-02-01 00:00:00,2025-02-01 00:00:00,1,,,,false,false,
gen-6d9c12ab5652,io_qa_pm,2025-02-01 00:00:00,2025-02-01 00:00:00,1,,,,false,false,
gen-edb8e496d026,io_qa_pm,2025-02-01 00:00:00,2025-02-01 00:00:00,1,,,,false,false,
gen-420e2baa9af0,io_qa_pm,2025-02-02 00:00:00,2025-02-02 00:00:00,1,,,,false,false,
gen-9cc83403517f,io_qa_pm,2025-02-02 00:00:00,2025-02-02 00:00:00,1,,,,false,false,
gen-a53e08935bec,integrator,2025-02-02 00:00:00,2025-02-02 00:00:00,1,,,,false,false,
gen-b3fe22de318d,io_qa_pm,2025-02-02 00:00:00,2025-02-02 00:00:00,1,,,,false,false,
gen-bd22d47cbf27,io_qa_pm,2025-02-02 00:00:00,2025-02-02 00:00:00,1,,,,false,false,
gen-4863d2fbecf5,io_qa_pm,2025-02-04 00:00:00,2025-02-04 00:00:00,1,,,,false,false,
gen-5b408171ee8b,io_qa_pm,2025-02-04 00:00:00,2025-02-04 00:00:00,1,,,,false,false,
gen-620e5b4a0b92,io_qa_pm,2025-02-04 00:00:00,2025-02-04 00:00:00,1,,,,false,false,
gen-87b4e7b8a9cc,io_qa_pm,2025-02-04 00:00:00,2025-02-04 00:00:00,1,,,,false,false,
gen-c549d896d9d9,io_qa_pm,2025-02-04 00:00:00,2025-02-04 00:00:00,1,,,,false,false,
gen-c67a52c502a7,io_qa_pm,2025-02-04 00:00:00,2025-02-04 00:00:00,1,,,,false,false,
gen-a694b19aa56a,integrator,2025-02-05 00:00:00,2025-02-05 00:00:00,1,,,,false,false,
gen-ab208fd3d058,io_qa_pm,2025-02-05 00:00:00,2025-02-05 00:00:00,1,,,,false,false,
gen-201fbb56846c,io_qa_pm,2025-02-06 00:00:00,2025-02-06 00:00:00,1,,,,false,false,
gen-2702eb080434,integrator,2025-02-06 00:00:00,2025-02-06 00:00:00,1,,,,false,false,
gen-ca7fb8d95841,io_qa_pm,2025-02-08 00:00:00,2025-02-08 00:00:00,1,,,,false,false,
gen-cd6f395ae4b7,ui_ux,2025-02-08 00:00:00,2025-02-08 00:00:00,1,,,,false,false,
gen-e7ab0e1f3b98,io_qa_pm,2025-02-08 00:00:00,2025-02-08 00:00:00,1,,,,false,false,
gen-ee606e03feb8,io_qa_pm,2025-02-08 00:00:00,2025-02-08 00:00:00,1,,,,false,false,
gen-329240a5c12d,io_qa_pm,2025-02-09 00:00:00,2025-02-09 00:00:00,1,,,,false,false,
gen-48fc6ee24670,io_qa_pm,2025-02-09 00:00:00,2025-02-09 00:00:00,1,,,,false,false,
gen-6b69257a9503,io_qa_pm,2025-02-10 00:00:00,2025-02-10 00:00:00,1,,,,false,false,
gen-d571bb9076ab,io_qa_pm,2025-02-10 00:00:00,2025-02-10 00:00:00,1,,,,false,false,
gen-e61469d6f5e0,integrator,2025-02-11 00:00:00,2025-02-11 00:00:00,1,,,,false,false,
gen-0a455384cb2e,io_qa_pm,2025-02-13 00:00:00,2025-02-13 00:00:00,1,,,,false,false,
gen-9c1a4a5425e1,io_qa_pm,2025-02-13 00:00:00,2025-02-13 00:00:00,1,,,,false,false,
gen-61a181d94ce2,io_qa_pm,2025-02-14 00:00:00,2025-02-14 00:00:00,1,,,,false,false,
gen-a492f6d3ea3d,io_qa_pm,2025-02-14 00:00:00,2025-02-14 00:00:00,1,,,,false,false,
gen-5eda1d298972,io_qa_pm,2025-02-15 00:00:00,2025-02-15 00:00:00,1,,,,false,false,
gen-9201bc4fddbc,io_qa_pm,2025-02-15 00:00:00,2025-02-15 00:00:00,1,,,,false,false,
gen-eeacb4c81aa2,io_qa_pm,2025-02-15 00:00:00,2025-02-15 00:00:00,1,,,,false,false,
gen-cf36f81056b6,io_qa_pm,2025-02-16 00:00:00,2025-02-16 00:00:00,1,,,,false,false,
gen-11bf82bc1d0d,io_qa_pm,2025-02-17 00:00:00,2025-02-17 00:00:00,1,,,,false,false,
gen-63d9f7a582e8,io_qa_pm,2025-02-18 00:00:00,2025-02-18 00:00:00,1,,,,false,false,
gen-6079da087c00,integrator,2025-02-20 00:00:00,2025-02-20 00:00:00,1,,,,false,false,
gen-fa676049be53,io_qa_pm,2025-02-20 00:00:00,2025-02-20 00:00:00,1,,,,false,false,
gen-0106dbefc18f,io_qa_pm,2025-02-27 00:00:00,2025-02-27 00:00:00,1,,,,false,false,
gen-3b6853ba5cfa,io_qa_pm,2025-02-27 00:00:00,2025-02-27 00:00:00,1,,,,false,false,
gen-3f2fbe48899b,io_qa_pm,2025-02-27 00:00:00,2025-02-27 00:00:00,1,,,,false,false,
gen-5a1cdcc8203a,io_qa_pm,2025-02-27 00:00:00,2025-02-27 00:00:00,1,,,,false,false,
gen-6581a36cd31d,io_qa_pm,2025-02-27 00:00:00,2025-02-27 00:00:00,1,,,,false,false,
gen-77f0671d173f,io_qa_pm,2025-02-27 00:00:00,2025-02-27 00:00:00,1,,,,false,false,
gen-af7e91c5fdd7,io_qa_pm,2025-02-27 00:00:00,2025-02-27 00:00:00,1,,,,false,false,
gen-f7b208a5a989,io_qa_pm,2025-02-27 00:00:00,2025-02-27 00:00:00,1,,,,false,false,
gen-82b601af775e,integrator,2025-03-03 00:00:00,2025-03-03 00:00:00,1,,,,false,false,
gen-41c37821587e,io_qa_pm,2025-03-04 00:00:00,2025-03-04 00:00:00,1,,,,false,false,
gen-495f7551dbc5,ui_ux,2025-03-04 00:00:00,2025-03-04 00:00:00,1,,,,false,false,
gen-594848eb183a,io_qa_pm,2025-03-04 00:00:00,2025-03-04 00:00:00,1,,,,false,false,
gen-8818d071d039,integrator,2025-03-04 00:00:00,2025-03-04 00:00:00,1,,,,false,false,
gen-74b01c31a22e,ui_ux,2025-03-05 00:00:00,2025-03-05 00:00:00,1,,,,false,false,
gen-b50817c7c97d,ui_ux,2025-03-05 00:00:00,2025-03-05 00:00:00,1,,,,false,false,
gen-fdba1133b800,io_qa_pm,2025-03-05 00:00:00,2025-03-05 00:00:00,1,,,,false,false,
gen-8c5aadc75803,io_qa_pm,2025-03-06 00:00:00,2025-03-06 00:00:00,1,,,,false,false,
gen-064c99cfadd8,io_qa_pm,2025-03-07 00:00:00,2025-03-07 00:00:00,1,,,,false,false,
gen-2c2922ef8e87,ui_ux,2025-03-07 00:00:00,2025-03-07 00:00:00,1,,,,false,false,
gen-5540f5b9fd72,io_qa_pm,2025-03-07 00:00:00,2025-03-07 00:00:00,1,,,,false,false,
gen-316faf8d39fe,ui_ux,2025-03-11 00:00:00,2025-03-11 00:00:00,1,,,,false,false,
gen-eb50c54d1ae2,integrator,2025-03-11 00:00:00,2025-03-11 00:00:00,1,,,,false,false,
gen-fa2ddda123e2,io_qa_pm,2025-03-12 00:00:00,2025-03-12 00:00:00,1,,,,false,false,
gen-0af66e3a3b26,integrator,2025-03-13 00:00:00,2025-03-13 00:00:00,1,,,,false,false,
gen-e7bfdf3fe21d,io_qa_pm,2025-03-13 00:00:00,2025-03-13 00:00:00,1,,,,false,false,
gen-e5b779a103ee,ui_ux,2025-03-15 00:00:00,2025-03-15 00:00:00,1,,,,false,false,
gen-0d1a20d2c314,io_qa_pm,2025-03-17 00:00:00,2025-03-17 00:00:00,1,,,,false,false,
gen-577a49a955b8,integrator,2025-03-17 00:00:00,2025-03-17 00:00:00,1,,,,false,false,
gen-7cca62275c3c,io_qa_pm,2025-03-17 00:00:00,2025-03-17 00:00:00,1,,,,false,false,
gen-10258c0887b7,integrator,2025-03-18 00:00:00,2025-03-18 00:00:00,1,,,,false,false,
gen-5f74b3471a09,integrator,2025-03-18 00:00:00,2025-03-18 00:00:00,1,,,,false,false,
gen-61322f7eeab9,io_qa_pm,2025-03-18 00:00:00,2025-03-18 00:00:00,1,,,,false,false,
gen-7c6c0005d603,io_qa_pm,2025-03-18 00:00:00,2025-03-18 00:00:00,1,,,,false,false,
gen-8cd5ee2c68c1,io_qa_pm,2025-03-18 00:00:00,2025-03-18 00:00:00,1,,,,false,false,
gen-0d71087a52c3,io_qa_pm,2025-03-19 00:00:00,2025-03-19 00:00:00,1,,,,false,false,
gen-bbe2c3e81e05,integrator,2025-03-19 00:00:00,2025-03-19 00:00:00,1,,,,false,false,
gen-338e009f4687,integrator,2025-03-20 00:00:00,2025-03-20 00:00:00,1,,,,false,false,
gen-7387ca604fbc,integrator,2025-03-20 00:00:00,2025-03-20 00:00:00,1,,,,false,false,
gen-a363015be10d,ui_ux,2025-03-20 00:00:00,2025-03-20 00:00:00,1,,,,false,false,
gen-b435d4c9d0b8,io_qa_pm,2025-03-20 00:00:00,2025-03-20 00:00:00,1,,,,false,false,
gen-2899f06d6b31,integrator,2025-03-24 00:00:00,2025-03-24 00:00:00,1,,,,false,false,
gen-8f6c672509bd,io_qa_pm,2025-03-24 00:00:00,2025-03-24 00:00:00,1,,,,false,false,
gen-20f4a5aaea9b,io_qa_pm,2025-03-26 00:00:00,2025-03-26 00:00:00,1,,,,false,false,
gen-8beba3bfd16f,integrator,2025-03-27 00:00:00,2025-03-27 00:00:00,1,,,,false,false,
gen-24dba6c37962,io_qa_pm,2025-03-28 00:00:00,2025-03-28 00:00:00,1,,,,false,false,
gen-349b233e3996,integrator,2025-03-28 00:00:00,2025-03-28 00:00:00,1,,,,false,false,
gen-582918b0dadf,io_qa_pm,2025-03-28 00:00:00,2025-03-28 00:00:00,1,,,,false,false,
gen-8bb714b7726e,integrator,2025-03-28 00:00:00,2025-03-28 00:00:00,1,,,,false,false,
gen-a8dca434506a,io_qa_pm,2025-03-31 00:00:00,2025-03-31 00:00:00,1,,,,false,false,
gen-b1a00932c9a8,io_qa_pm,2025-03-31 00:00:00,2025-03-31 00:00:00,1,,,,false,false,
gen-d42a61cead0f,integrator,2025-04-01 00:00:00,2025-04-01 00:00:00,1,,,,false,false,
gen-8fdff21e2ba1,io_qa_pm,2025-04-02 00:00:00,2025-04-02 00:00:00,1,,,,false,false,
gen-ecceaac3b022,io_qa_pm,2025-04-02 00:00:00,2025-04-02 00:00:00,1,,,,false,false,
gen-dd90ed7b88cf,io_qa_pm,2025-04-03 00:00:00,2025-04-03 00:00:00,1,,,,false,false,
gen-7287d6642308,integrator,2025-04-04 00:00:00,2025-04-04 00:00:00,1,,,,false,false,
gen-b113d8f5f7bb,integrator,2025-04-04 00:00:00,2025-04-04 00:00:00,1,,,,false,false,
gen-155bc4f14fd4,io_qa_pm,2025-04-07 00:00:00,2025-04-07 00:00:00,1,,,,false,false,
gen-040900350093,integrator,2025-04-08 00:00:00,2025-04-08 00:00:00,1,,,,false,false,
gen-0c457e0a44ad,integrator,2025-04-08 00:00:00,2025-04-08 00:00:00,1,,,,false,false,
gen-15af3eb1abf2,ui_ux,2025-04-08 00:00:00,2025-04-08 00:00:00,1,,,,false,false,
gen-17eb6e3cec6f,ui_ux,2025-04-08 00:00:00,2025-04-08 00:00:00,1,,,,false,false,
gen-b7c58d8a8e00,io_qa_pm,2025-04-08 00:00:00,2025-04-08 00:00:00,1,,,,false,false,
gen-b88b23accc7d,io_qa_pm,2025-04-08 00:00:00,2025-04-08 00:00:00,1,,,,false,false,
